itemRef,modes,cost,extraDesc,autoActivate,storeIcon,lockedStoreIcon,extraDescFail
"burnmeter_maphack","",0,"",0,"rui/menu/boosts/boost_icon_map_hack","rui/menu/boosts/boost_icon_map_hack",""
"burnmeter_amped_weapons","",100,"#BOOST_STORE_INSTANT",1,"rui/menu/boosts/boost_icon_amped","rui/menu/boosts/boost_icon_amped","#BOOST_STORE_AMPED_FAIL"
"burnmeter_ticks","",50,"",0,"rui/menu/boosts/boost_icon_tick","rui/menu/boosts/boost_icon_tick",""
"burnmeter_random_foil","",0,"",0,"rui/menu/boosts/boost_icon_random","rui/menu/boosts/boost_icon_random",""
"burnmeter_ap_turret_weapon","",0,"",0,"rui/menu/boosts/boost_icon_personel_sentry","rui/menu/boosts/boost_icon_personel_sentry",""
"burnmeter_phase_rewind","",0,"",0,"rui/menu/boosts/boost_icon_phase_rewind","rui/menu/boosts/boost_icon_phase_rewind",""
"burnmeter_at_turret_weapon","",0,"",0,"rui/menu/boosts/boost_icon_titan_sentry","rui/menu/boosts/boost_icon_titan_sentry",""
"burnmeter_holopilot_nova","",0,"",0,"rui/menu/boosts/boost_icon_holopilot","rui/menu/boosts/boost_icon_holopilot",""
"burnmeter_emergency_battery","",0,"",0,"rui/menu/boosts/boost_icon_battery","rui/menu/boosts/boost_icon_battery",""
"burnmeter_smart_pistol","",0,"",1,"rui/menu/boosts/boost_icon_smart_pistol","rui/menu/boosts/boost_icon_smart_pistol",""
"burnmeter_radar_jammer","",0,"",0,"rui/menu/boosts/boost_icon_radar_jam","rui/menu/boosts/boost_icon_radar_jam",""
"burnmeter_hard_cover","",0,"",0,"rui/menu/boosts/boost_icon_shield","rui/menu/boosts/boost_icon_shield",""
"burnmeter_nuke_titan","",0,"",0,"rui/menu/boosts/boost_icon_nuke","rui/menu/boosts/boost_icon_nuke",""
"burnmeter_harvester_shield","fd",1200,"",1,"rui/menu/boosts/boost_icon_harvester_shield","rui/menu/boosts/locked/boost_icon_harvester_shield","#BOOST_STORE_HARVESTER_SHIELD_FAIL"
"burnmeter_arc_trap","fd",650,"",0,"rui/menu/boosts/boost_icon_arc_trap","rui/menu/boosts/locked/boost_icon_arc_trap","#BOOST_STORE_ARC_TRAP_FAIL"
"burnmeter_at_turret_weapon_infinite","",1200,"#BOOST_STORE_TURRET_LIMIT",0,"rui/menu/boosts/boost_icon_titan_sentry","rui/menu/boosts/boost_icon_titan_sentry",""
"burnmeter_ap_turret_weapon_infinite","fd",1200,"#BOOST_STORE_TURRET_LIMIT",0,"rui/menu/boosts/boost_icon_personel_sentry","rui/menu/boosts/locked/boost_icon_personel_sentry","#BOOST_STORE_TURRET_FAIL"
"burnmeter_rodeo_grenade","fd",500,"",1,"rui/menu/boosts/boost_icon_core_overload","rui/menu/boosts/locked/boost_icon_core_overload","#BOOST_STORE_RODEO_GRENADE_FAIL"
"burnmeter_instant_battery","fd",400,"#BOOST_STORE_INSTANT",1,"rui/menu/boosts/boost_icon_battery_amped","rui/menu/boosts/locked/boost_icon_battery_amped","#BOOST_STORE_BATTERY_FAIL"
"burnmeter_amped_weapons_permanent","fd",100,"#BOOST_STORE_INSTANT",1,"rui/menu/boosts/boost_icon_amped","rui/menu/boosts/locked/boost_icon_amped","#BOOST_STORE_AMPED_FAIL"