name,primeName,setFile,titanRef,primaryMod,special,antirodeo,passive1,passive2,passive3,passive4,passive5,passive6,voice
"#DEFAULT_TITAN_5","#DEFAULT_TITAN_5_PRIME","titan_atlas_stickybomb","ion","","mp_titanweapon_vortex_shield_ion","mp_titanability_laser_trip","pas_enhanced_titan_ai","pas_ion_weapon","pas_bubbleshield","pas_vanguard_core1","pas_vanguard_core4","pas_vanguard_core7","titanos_ion"
"#DEFAULT_TITAN_7","#DEFAULT_TITAN_7_PRIME","titan_ogre_meteor","scorch","","mp_titanweapon_heat_shield","mp_titanability_slow_trap","pas_enhanced_titan_ai","pas_scorch_weapon","pas_bubbleshield","pas_vanguard_core1","pas_vanguard_core4","pas_vanguard_core7","titanos_scorch"
"#DEFAULT_TITAN_3","#DEFAULT_TITAN_3_PRIME","titan_stryder_sniper","northstar","","mp_titanability_tether_trap","mp_titanability_hover","pas_enhanced_titan_ai","pas_northstar_weapon","pas_bubbleshield","pas_vanguard_core1","pas_vanguard_core4","pas_vanguard_core7","titanos_northstar"
"#DEFAULT_TITAN_2","#DEFAULT_TITAN_2_PRIME","titan_stryder_leadwall","ronin","","mp_titanability_basic_block","mp_titanability_phase_dash","pas_enhanced_titan_ai","pas_ronin_weapon","pas_bubbleshield","pas_vanguard_core1","pas_vanguard_core4","pas_vanguard_core7","titanos_ronin"
"#DEFAULT_TITAN_4","#DEFAULT_TITAN_4_PRIME","titan_atlas_tracker","tone","","mp_titanability_particle_wall","mp_titanability_sonar_pulse","pas_enhanced_titan_ai","pas_tone_weapon","pas_bubbleshield","pas_vanguard_core1","pas_vanguard_core4","pas_vanguard_core7","titanos_tone"
"#DEFAULT_TITAN_8","#DEFAULT_TITAN_8_PRIME","titan_ogre_minigun","legion","","mp_titanability_gun_shield","mp_titanability_ammo_swap","pas_enhanced_titan_ai","pas_legion_weapon","pas_bubbleshield","pas_vanguard_core1","pas_vanguard_core4","pas_vanguard_core7","titanos_legion"
"#DEFAULT_TITAN_10","#DEFAULT_TITAN_10_PRIME","titan_atlas_vanguard","vanguard","","mp_titanweapon_stun_laser","mp_titanability_rearm","pas_enhanced_titan_ai","pas_vanguard_shield","pas_bubbleshield","pas_vanguard_core1","pas_vanguard_core4","pas_vanguard_core7","titanos_vanguard"