persistenceRef,factionDialoguePrefix,logo,image,name,description,factionName,usesWaveform,modelName,skinIndex,menuIdleAnim,propModelName,propAttachment,cost
"faction_marauder","mcor_sarah","rui/faction/faction_logo_marauder","rui/faction/faction_button_marauder","#FACTION_LEADER_NAME_SARAH","#FACTION_LEADER_DESC_SARAH","#FACTION_MARAUDER",0,"models/humans/heroes/mlt_hero_sarah.mdl",0,"Sarah_menu_pose","models/Weapons/p2011/w_p2011.mdl","KNIFE",100
"faction_apex","imc_blisk","rui/faction/faction_logo_apex","rui/faction/faction_button_apex","#FACTION_LEADER_NAME_BLISK","#FACTION_LEADER_DESC_BLISK","#FACTION_APEX",0,"models/humans/heroes/imc_hero_blisk.mdl",0,"Blisk_menu_pose","models/Weapons/combat_knife/w_combat_knife.mdl","KNIFE",100
"faction_vinson","imc_ash","rui/faction/faction_logo_vinson","rui/faction/faction_button_vinson","#FACTION_LEADER_NAME_ASH","#FACTION_LEADER_DESC_ASH","#FACTION_VINSON",0,"models/humans/heroes/imc_hero_ash.mdl",0,"Ash_menu_pose","","",100
"faction_aces","mcor_barker","rui/faction/faction_logo_aces","rui/faction/faction_button_aces","#FACTION_LEADER_NAME_BARKER","#FACTION_LEADER_DESC_BARKER","#FACTION_ACES",0,"models/humans/heroes/mlt_hero_barker.mdl",0,"Barker_menu_pose","models/props/flask/prop_flask_animated.mdl","PROPGUN",100
"faction_64","mcor_gates","rui/faction/faction_logo_64","rui/faction/faction_button_64","#FACTION_LEADER_NAME_GATES","#FACTION_LEADER_DESC_GATES","#FACTION_64",0,"models/humans/pilots/sp_medium_geist_f.mdl",0,"Gates_menu_pose","models/Weapons/p2011/w_p2011.mdl","KNIFE",100
"faction_ares","imc_marder","rui/faction/faction_logo_ares","rui/faction/faction_button_ares","#FACTION_LEADER_NAME_MARDER","#FACTION_LEADER_DESC_MARDER","#FACTION_ARES",0,"models/humans/heroes/imc_hero_marder.mdl",0,"Marder_menu_pose","","",100
"faction_marvin","mcor_marvin","rui/faction/faction_logo_mrvn","rui/faction/faction_button_mrvn","#FACTION_LEADER_NAME_MARVIN","#FACTION_LEADER_DESC_MARVIN","#FACTION_MARVIN",1,"models/Robots/marvin/marvin.mdl",1,"commander_MP_flyin_marvin_idle","","",100