setFile,primeSetFile,titanRef,primeTitanRef,titanLoadoutInSP,mp_npcUseAllowed,difficulty,coreBuildingIcon,coreReadyIcon,hintIcon,loadoutIcon,loadoutIconFD,fdRole,desc,speedDisplay,damageDisplay,healthDisplay,dashDisplay,primary,melee,ordnance,special,antirodeo,coreAbility,passive1,passive2,passive3,passive4,passive5,passive6,titanExecution,bossCharacter,hidden,menuItem,menuTitle,menuSubTitle,menuLongDesc,menuFlavorText,dialogHint,weaponImage
"titan_buddy","","bt","",1,0,1,"rui\titan_loadout\core\titan_core_burst_core","rui\titan_loadout\core\titan_core_burst_core","rui\menu\common\bulb_hint_icon","rui/menu/postgame/vanguard_icon","rui/menu/fd_menu/fd_icon_monarch","#FD_ROLE_MONARCH","#MP_TITAN_LOADOUT_DESC_XO16",2,1,2,2,"mp_titanweapon_xo16_shorty","melee_titan_punch","mp_titanweapon_shoulder_rockets","mp_titanweapon_vortex_shield","mp_titanability_smoke","mp_titancore_amp_core","TITAN_GENERAL_PASSIVE","TITAN_GENERAL_PASSIVE","TITAN_TITANFALL_PASSIVE","TITAN_UPGRADE1_PASSIVE","TITAN_UPGRADE2_PASSIVE","TITAN_UPGRADE3_PASSIVE","","",1,"#SP_TITAN_LOADOUT_MENUITEM_XO16","#SP_TITAN_LOADOUT_TITLE_XO16","#SP_TITAN_LOADOUT_SUBTITLE_XO16","#SP_TITAN_LOADOUT_DESC_XO16","#SP_TITAN_LOADOUT_FLAVOR_XO16","diag_sp_extra_GB101_47_01_mcor_bt","rui\titan_loadout\loadout_select\ls_wep_ttn_x016_shorty"
"titan_atlas_tracker","titan_atlas_tone_prime","tone","tone_prime",1,1,2,"rui\titan_loadout\core\titan_core_salvo","rui\titan_loadout\core\titan_core_salvo","rui\menu\common\bulb_hint_icon","rui/menu/postgame/tone_icon","rui/menu/fd_menu/fd_icon_tone","#FD_ROLE_TONE","#MP_TITAN_LOADOUT_DESC_TONE",2,2,2,1,"mp_titanweapon_sticky_40mm","melee_titan_punch_tone","mp_titanweapon_tracker_rockets","mp_titanability_particle_wall","mp_titanability_sonar_pulse","mp_titancore_salvo_core","TITAN_GENERAL_PASSIVE","TITAN_TONE_PASSIVE","TITAN_TITANFALL_PASSIVE","TITAN_UPGRADE1_PASSIVE","TITAN_UPGRADE2_PASSIVE","TITAN_UPGRADE3_PASSIVE","TITAN_TONE_EXECUTION","Richter",0,"#SP_TITAN_LOADOUT_MENUITEM_TONE","#SP_TITAN_LOADOUT_TITLE_TONE","#SP_TITAN_LOADOUT_SUBTITLE_TONE","#SP_TITAN_LOADOUT_DESC_TONE","#SP_TITAN_LOADOUT_FLAVOR_TONE","diag_sp_extra_GB101_37_01_mcor_bt","rui\titan_loadout\loadout_select\ls_wep_ttn_40mm"
"titan_ogre_meteor","titan_ogre_scorch_prime","scorch","scorch_prime",1,1,3,"rui\titan_loadout\core\titan_core_flame_wave","rui\titan_loadout\core\titan_core_flame_wave","rui\menu\common\bulb_hint_icon","rui/menu/postgame/scorch_icon","rui/menu/fd_menu/fd_icon_scorch","#FD_ROLE_SCORCH","#MP_TITAN_LOADOUT_DESC_SCORCH",1,3,3,0,"mp_titanweapon_meteor","melee_titan_punch_scorch","mp_titanweapon_flame_wall","mp_titanweapon_heat_shield","mp_titanability_slow_trap","mp_titancore_flame_wave","TITAN_GENERAL_PASSIVE","TITAN_SCORCH_PASSIVE","TITAN_TITANFALL_PASSIVE","TITAN_UPGRADE1_PASSIVE","TITAN_UPGRADE2_PASSIVE","TITAN_UPGRADE3_PASSIVE","TITAN_SCORCH_EXECUTION","Kane",0,"#SP_TITAN_LOADOUT_MENUITEM_SCORCH","#SP_TITAN_LOADOUT_TITLE_SCORCH","#SP_TITAN_LOADOUT_SUBTITLE_SCORCH","#SP_TITAN_LOADOUT_DESC_SCORCH","#SP_TITAN_LOADOUT_FLAVOR_SCORCH","diag_sp_extra_GB101_33_01_mcor_bt","rui\titan_loadout\loadout_select\ls_wep_ttn_meteor"
"titan_stryder_rocketeer","","brute4","",1,0,1,"rui\titan_loadout\core\titan_core_flight","rui\titan_loadout\core\titan_core_flight","rui\menu\common\bulb_hint_icon","rui/menu/postgame/northstar_icon","rui/menu/fd_menu/fd_icon_northstar","#FD_ROLE_NORTHSTAR","#MP_TITAN_LOADOUT_DESC_BRUTE",3,2,1,2,"mp_titanweapon_rocketeer_rocketstream","melee_titan_punch","mp_titanweapon_shoulder_rockets","mp_titanweapon_vortex_shield","mp_titanability_hover","mp_titancore_flight_core","TITAN_GENERAL_PASSIVE","TITAN_GENERAL_PASSIVE","TITAN_TITANFALL_PASSIVE","TITAN_UPGRADE1_PASSIVE","TITAN_UPGRADE2_PASSIVE","TITAN_UPGRADE3_PASSIVE","","",0,"#SP_TITAN_LOADOUT_MENUITEM_BRUTE","#SP_TITAN_LOADOUT_TITLE_BRUTE","#SP_TITAN_LOADOUT_SUBTITLE_BRUTE","#SP_TITAN_LOADOUT_DESC_BRUTE","#SP_TITAN_LOADOUT_FLAVOR_BRUTE","diag_sp_extra_GB101_47_01_mcor_bt","rui\titan_loadout\loadout_select\ls_wep_ttn_rocketeer"
"titan_atlas_stickybomb","titan_atlas_ion_prime","ion","ion_prime",1,1,1,"rui\titan_loadout\core\titan_core_laser","rui\titan_loadout\core\titan_core_laser","rui\menu\common\bulb_hint_icon","rui/menu/postgame/ion_icon","rui/menu/fd_menu/fd_icon_ion","#FD_ROLE_ION","#MP_TITAN_LOADOUT_DESC_ION",2,1,2,1,"mp_titanweapon_particle_accelerator","melee_titan_punch_ion","mp_titanweapon_laser_lite","mp_titanweapon_vortex_shield_ion","mp_titanability_laser_trip","mp_titancore_laser_cannon","TITAN_GENERAL_PASSIVE","TITAN_ION_PASSIVE","TITAN_TITANFALL_PASSIVE","TITAN_UPGRADE1_PASSIVE","TITAN_UPGRADE2_PASSIVE","TITAN_UPGRADE3_PASSIVE","TITAN_ION_EXECUTION","Slone",0,"#SP_TITAN_LOADOUT_MENUITEM_ION","#SP_TITAN_LOADOUT_TITLE_ION","#SP_TITAN_LOADOUT_SUBTITLE_ION","#SP_TITAN_LOADOUT_DESC_ION","#SP_TITAN_LOADOUT_FLAVOR_ION","diag_sp_extra_GB101_34_01_mcor_bt","rui\titan_loadout\loadout_select\ls_wep_ttn_particle_accelerator"
"titan_stryder_leadwall","titan_stryder_ronin_prime","ronin","ronin_prime",1,1,3,"rui\titan_loadout\core\titan_core_sword","rui\titan_loadout\core\titan_core_sword","rui\menu\common\bulb_hint_icon","rui/menu/postgame/ronin_icon","rui/menu/fd_menu/fd_icon_ronin","#FD_ROLE_RONIN","#MP_TITAN_LOADOUT_DESC_RONIN",3,2,1,2,"mp_titanweapon_leadwall","melee_titan_sword","mp_titanweapon_arc_wave","mp_titanability_basic_block","mp_titanability_phase_dash","mp_titancore_shift_core","TITAN_GENERAL_PASSIVE","TITAN_RONIN_PASSIVE","TITAN_TITANFALL_PASSIVE","TITAN_UPGRADE1_PASSIVE","TITAN_UPGRADE2_PASSIVE","TITAN_UPGRADE3_PASSIVE","TITAN_RONIN_EXECUTION","Ash",0,"#SP_TITAN_LOADOUT_MENUITEM_RONIN","#SP_TITAN_LOADOUT_TITLE_RONIN","#SP_TITAN_LOADOUT_SUBTITLE_RONIN","#SP_TITAN_LOADOUT_DESC_RONIN","#SP_TITAN_LOADOUT_FLAVOR_RONIN","diag_sp_extra_GB101_35_01_mcor_bt","rui\titan_loadout\loadout_select\ls_wep_ttn_leadwall"
"titan_stryder_sniper","titan_stryder_northstar_prime","northstar","northstar_prime",1,1,2,"rui\titan_loadout\core\titan_core_flight","rui\titan_loadout\core\titan_core_flight","rui\menu\common\bulb_hint_icon","rui/menu/postgame/northstar_icon","rui/menu/fd_menu/fd_icon_northstar","#FD_ROLE_NORTHSTAR","#MP_TITAN_LOADOUT_DESC_NORTHSTAR",3,3,1,2,"mp_titanweapon_sniper","melee_titan_punch_northstar","mp_titanweapon_dumbfire_rockets","mp_titanability_tether_trap","mp_titanability_hover","mp_titancore_flight_core","TITAN_GENERAL_PASSIVE","TITAN_NORTHSTAR_PASSIVE","TITAN_TITANFALL_PASSIVE","TITAN_UPGRADE1_PASSIVE","TITAN_UPGRADE2_PASSIVE","TITAN_UPGRADE3_PASSIVE","TITAN_NORTHSTAR_EXECUTION","Viper",0,"#SP_TITAN_LOADOUT_MENUITEM_NORTHSTAR","#SP_TITAN_LOADOUT_TITLE_NORTHSTAR","#SP_TITAN_LOADOUT_SUBTITLE_NORTHSTAR","#SP_TITAN_LOADOUT_DESC_NORTHSTAR","#SP_TITAN_LOADOUT_FLAVOR_NORTHSTAR","diag_sp_extra_GB101_36_01_mcor_bt","rui\titan_loadout\loadout_select\ls_wep_ttn_sniper"
"titan_ogre_minigun","titan_ogre_legion_prime","legion","legion_prime",1,1,2,"rui\titan_loadout\core\titan_core_smart","rui\titan_loadout\core\titan_core_smart","rui\menu\common\bulb_hint_icon","rui/menu/postgame/legion_icon","rui/menu/fd_menu/fd_icon_legion","#FD_ROLE_LEGION","#MP_TITAN_LOADOUT_DESC_LEGION",1,3,3,0,"mp_titanweapon_predator_cannon","melee_titan_punch_legion","mp_titanability_power_shot","mp_titanability_gun_shield","mp_titanability_ammo_swap","mp_titancore_siege_mode","TITAN_GENERAL_PASSIVE","TITAN_LEGION_PASSIVE","TITAN_TITANFALL_PASSIVE","TITAN_UPGRADE1_PASSIVE","TITAN_UPGRADE2_PASSIVE","TITAN_UPGRADE3_PASSIVE","TITAN_LEGION_EXECUTION","Blisk",0,"#SP_TITAN_LOADOUT_MENUITEM_LEGION","#SP_TITAN_LOADOUT_TITLE_LEGION","#SP_TITAN_LOADOUT_SUBTITLE_LEGION","#SP_TITAN_LOADOUT_DESC_LEGION","#SP_TITAN_LOADOUT_FLAVOR_LEGION","diag_sp_extra_GB101_32_01_mcor_bt","rui\titan_loadout\loadout_select\ls_wep_ttn_predator"
"titan_atlas_vanguard","","vanguard","vanguard_prime",0,1,3,"rui\titan_loadout\core\titan_core_smart","rui\titan_loadout\core\titan_core_smart","rui\menu\common\bulb_hint_icon","rui/menu/postgame/vanguard_icon","rui/menu/fd_menu/fd_icon_monarch","#FD_ROLE_MONARCH","#MP_TITAN_LOADOUT_DESC_VANGUARD",2,2,2,1,"mp_titanweapon_xo16_vanguard","melee_titan_punch_vanguard","mp_titanweapon_salvo_rockets","mp_titanweapon_stun_laser","mp_titanability_rearm","mp_titancore_upgrade","TITAN_GENERAL_PASSIVE","TITAN_VANGUARD_PASSIVE","TITAN_TITANFALL_PASSIVE","TITAN_UPGRADE1_PASSIVE","TITAN_UPGRADE2_PASSIVE","TITAN_UPGRADE3_PASSIVE","TITAN_VANGUARD_EXECUTION","Richter",0,"#SP_TITAN_LOADOUT_MENUITEM_TONE","#SP_TITAN_LOADOUT_TITLE_TONE","#SP_TITAN_LOADOUT_SUBTITLE_TONE","#SP_TITAN_LOADOUT_DESC_TONE","#SP_TITAN_LOADOUT_FLAVOR_TONE","diag_sp_extra_GB101_37_01_mcor_bt","rui\titan_loadout\loadout_select\ls_wep_ttn_40mm"