ref,titanRef,image,name,cost
"ion_nose_art_none","ion","rui/menu/common/no_art","#FACTORY_ISSUE_NAME",0
"ion_nose_art_01","ion","rui/titan_loadout/nose_art/ion_nose_art_01","#ION_NOSE_ART_01",0
"ion_nose_art_02","ion","rui/titan_loadout/nose_art/ion_nose_art_02","#ION_NOSE_ART_02",0
"ion_nose_art_03","ion","rui/titan_loadout/nose_art/ion_nose_art_03","#ION_NOSE_ART_03",0
"ion_nose_art_04","ion","rui/titan_loadout/nose_art/ion_nose_art_04","#ION_NOSE_ART_04",0
"ion_nose_art_05","ion","rui/titan_loadout/nose_art/ion_nose_art_05","#ION_NOSE_ART_05",300
"ion_nose_art_06","ion","rui/titan_loadout/nose_art/ion_nose_art_06","#ION_NOSE_ART_06",0
"ion_nose_art_07","ion","rui/titan_loadout/nose_art/ion_nose_art_07","#ION_NOSE_ART_07",0
"ion_nose_art_08","ion","rui/titan_loadout/nose_art/ion_nose_art_08","#ION_NOSE_ART_08",0
"ion_nose_art_09","ion","rui/titan_loadout/nose_art/ion_nose_art_09","#ION_NOSE_ART_09",0
"ion_nose_art_10","ion","rui/titan_loadout/nose_art/ion_nose_art_10","#ION_NOSE_ART_10",0
"ion_nose_art_11","ion","rui/titan_loadout/nose_art/ion_nose_art_11","#ION_NOSE_ART_11",0
"ion_nose_art_12","ion","rui/titan_loadout/nose_art/ion_nose_art_12","#ION_NOSE_ART_12",0
"ion_nose_art_13","ion","rui/titan_loadout/nose_art/ion_nose_art_13","#ION_NOSE_ART_13",0
"ion_nose_art_14","ion","rui/titan_loadout/nose_art/ion_nose_art_14","#ION_NOSE_ART_14",0
"scorch_nose_art_none","scorch","rui/menu/common/no_art","#FACTORY_ISSUE_NAME",0
"scorch_nose_art_01","scorch","rui/titan_loadout/nose_art/scorch_nose_art_01","#SCORCH_NOSE_ART_01",0
"scorch_nose_art_02","scorch","rui/titan_loadout/nose_art/scorch_nose_art_02","#SCORCH_NOSE_ART_02",0
"scorch_nose_art_03","scorch","rui/titan_loadout/nose_art/scorch_nose_art_03","#SCORCH_NOSE_ART_03",0
"scorch_nose_art_04","scorch","rui/titan_loadout/nose_art/scorch_nose_art_04","#SCORCH_NOSE_ART_04",0
"scorch_nose_art_05","scorch","rui/titan_loadout/nose_art/scorch_nose_art_05","#SCORCH_NOSE_ART_05",0
"scorch_nose_art_06","scorch","rui/titan_loadout/nose_art/scorch_nose_art_06","#SCORCH_NOSE_ART_06",0
"scorch_nose_art_07","scorch","rui/titan_loadout/nose_art/scorch_nose_art_07","#SCORCH_NOSE_ART_07",0
"scorch_nose_art_08","scorch","rui/titan_loadout/nose_art/scorch_nose_art_08","#SCORCH_NOSE_ART_08",0
"scorch_nose_art_09","scorch","rui/titan_loadout/nose_art/scorch_nose_art_09","#SCORCH_NOSE_ART_09",0
"scorch_nose_art_10","scorch","rui/titan_loadout/nose_art/scorch_nose_art_10","#SCORCH_NOSE_ART_10",0
"scorch_nose_art_11","scorch","rui/titan_loadout/nose_art/scorch_nose_art_11","#SCORCH_NOSE_ART_11",0
"scorch_nose_art_12","scorch","rui/titan_loadout/nose_art/scorch_nose_art_12","#SCORCH_NOSE_ART_12",300
"scorch_nose_art_13","scorch","rui/titan_loadout/nose_art/scorch_nose_art_13","#SCORCH_NOSE_ART_13",0
"scorch_nose_art_14","scorch","rui/titan_loadout/nose_art/scorch_nose_art_14","#SCORCH_NOSE_ART_14",0
"ronin_nose_art_none","ronin","rui/menu/common/no_art","#FACTORY_ISSUE_NAME",0
"ronin_nose_art_01","ronin","rui/titan_loadout/nose_art/ronin_nose_art_01","#RONIN_NOSE_ART_01",0
"ronin_nose_art_02","ronin","rui/titan_loadout/nose_art/ronin_nose_art_02","#RONIN_NOSE_ART_02",0
"ronin_nose_art_03","ronin","rui/titan_loadout/nose_art/ronin_nose_art_03","#RONIN_NOSE_ART_03",0
"ronin_nose_art_04","ronin","rui/titan_loadout/nose_art/ronin_nose_art_04","#RONIN_NOSE_ART_04",0
"ronin_nose_art_05","ronin","rui/titan_loadout/nose_art/ronin_nose_art_05","#RONIN_NOSE_ART_05",0
"ronin_nose_art_06","ronin","rui/titan_loadout/nose_art/ronin_nose_art_06","#RONIN_NOSE_ART_06",0
"ronin_nose_art_07","ronin","rui/titan_loadout/nose_art/ronin_nose_art_07","#RONIN_NOSE_ART_07",0
"ronin_nose_art_08","ronin","rui/titan_loadout/nose_art/ronin_nose_art_08","#RONIN_NOSE_ART_08",300
"ronin_nose_art_09","ronin","rui/titan_loadout/nose_art/ronin_nose_art_09","#RONIN_NOSE_ART_09",0
"ronin_nose_art_10","ronin","rui/titan_loadout/nose_art/ronin_nose_art_10","#RONIN_NOSE_ART_10",0
"ronin_nose_art_11","ronin","rui/titan_loadout/nose_art/ronin_nose_art_11","#RONIN_NOSE_ART_11",0
"ronin_nose_art_12","ronin","rui/titan_loadout/nose_art/ronin_nose_art_12","#RONIN_NOSE_ART_12",300
"ronin_nose_art_13","ronin","rui/titan_loadout/nose_art/ronin_nose_art_13","#RONIN_NOSE_ART_13",0
"ronin_nose_art_14","ronin","rui/titan_loadout/nose_art/ronin_nose_art_14","#RONIN_NOSE_ART_14",0
"tone_nose_art_none","tone","rui/menu/common/no_art","#FACTORY_ISSUE_NAME",0
"tone_nose_art_01","tone","rui/titan_loadout/nose_art/tone_nose_art_01","#TONE_NOSE_ART_01",0
"tone_nose_art_02","tone","rui/titan_loadout/nose_art/tone_nose_art_02","#TONE_NOSE_ART_02",0
"tone_nose_art_03","tone","rui/titan_loadout/nose_art/tone_nose_art_03","#TONE_NOSE_ART_03",0
"tone_nose_art_04","tone","rui/titan_loadout/nose_art/tone_nose_art_04","#TONE_NOSE_ART_04",0
"tone_nose_art_05","tone","rui/titan_loadout/nose_art/tone_nose_art_05","#TONE_NOSE_ART_05",0
"tone_nose_art_06","tone","rui/titan_loadout/nose_art/tone_nose_art_06","#TONE_NOSE_ART_06",0
"tone_nose_art_07","tone","rui/titan_loadout/nose_art/tone_nose_art_07","#TONE_NOSE_ART_07",0
"tone_nose_art_08","tone","rui/titan_loadout/nose_art/tone_nose_art_08","#TONE_NOSE_ART_08",0
"tone_nose_art_09","tone","rui/titan_loadout/nose_art/tone_nose_art_09","#TONE_NOSE_ART_09",0
"tone_nose_art_10","tone","rui/titan_loadout/nose_art/tone_nose_art_10","#TONE_NOSE_ART_10",0
"tone_nose_art_11","tone","rui/titan_loadout/nose_art/tone_nose_art_11","#TONE_NOSE_ART_11",300
"tone_nose_art_12","tone","rui/titan_loadout/nose_art/tone_nose_art_12","#TONE_NOSE_ART_12",300
"tone_nose_art_13","tone","rui/titan_loadout/nose_art/tone_nose_art_13","#TONE_NOSE_ART_13",0
"tone_nose_art_14","tone","rui/titan_loadout/nose_art/tone_nose_art_14","#TONE_NOSE_ART_14",0
"northstar_nose_art_none","northstar","rui/menu/common/no_art","#FACTORY_ISSUE_NAME",0
"northstar_nose_art_01","northstar","rui/titan_loadout/nose_art/northstar_nose_art_01","#NORTHSTAR_NOSE_ART_01",0
"northstar_nose_art_02","northstar","rui/titan_loadout/nose_art/northstar_nose_art_02","#NORTHSTAR_NOSE_ART_02",0
"northstar_nose_art_03","northstar","rui/titan_loadout/nose_art/northstar_nose_art_03","#NORTHSTAR_NOSE_ART_03",0
"northstar_nose_art_04","northstar","rui/titan_loadout/nose_art/northstar_nose_art_04","#NORTHSTAR_NOSE_ART_04",0
"northstar_nose_art_05","northstar","rui/titan_loadout/nose_art/northstar_nose_art_05","#NORTHSTAR_NOSE_ART_05",0
"northstar_nose_art_06","northstar","rui/titan_loadout/nose_art/northstar_nose_art_06","#NORTHSTAR_NOSE_ART_06",0
"northstar_nose_art_07","northstar","rui/titan_loadout/nose_art/northstar_nose_art_07","#NORTHSTAR_NOSE_ART_07",0
"northstar_nose_art_08","northstar","rui/titan_loadout/nose_art/northstar_nose_art_08","#NORTHSTAR_NOSE_ART_08",0
"northstar_nose_art_09","northstar","rui/titan_loadout/nose_art/northstar_nose_art_09","#NORTHSTAR_NOSE_ART_09",0
"northstar_nose_art_10","northstar","rui/titan_loadout/nose_art/northstar_nose_art_10","#NORTHSTAR_NOSE_ART_10",0
"northstar_nose_art_11","northstar","rui/titan_loadout/nose_art/northstar_nose_art_11","#NORTHSTAR_NOSE_ART_11",0
"northstar_nose_art_12","northstar","rui/titan_loadout/nose_art/northstar_nose_art_12","#NORTHSTAR_NOSE_ART_12",300
"northstar_nose_art_13","northstar","rui/titan_loadout/nose_art/northstar_nose_art_13","#NORTHSTAR_NOSE_ART_13",300
"northstar_nose_art_14","northstar","rui/titan_loadout/nose_art/northstar_nose_art_14","#NORTHSTAR_NOSE_ART_14",0
"legion_nose_art_none","legion","rui/menu/common/no_art","#FACTORY_ISSUE_NAME",0
"legion_nose_art_01","legion","rui/titan_loadout/nose_art/legion_nose_art_01","#LEGION_NOSE_ART_01",0
"legion_nose_art_02","legion","rui/titan_loadout/nose_art/legion_nose_art_02","#LEGION_NOSE_ART_02",0
"legion_nose_art_03","legion","rui/titan_loadout/nose_art/legion_nose_art_03","#LEGION_NOSE_ART_03",0
"legion_nose_art_04","legion","rui/titan_loadout/nose_art/legion_nose_art_04","#LEGION_NOSE_ART_04",0
"legion_nose_art_05","legion","rui/titan_loadout/nose_art/legion_nose_art_05","#LEGION_NOSE_ART_05",0
"legion_nose_art_06","legion","rui/titan_loadout/nose_art/legion_nose_art_06","#LEGION_NOSE_ART_06",0
"legion_nose_art_07","legion","rui/titan_loadout/nose_art/legion_nose_art_07","#LEGION_NOSE_ART_07",0
"legion_nose_art_08","legion","rui/titan_loadout/nose_art/legion_nose_art_08","#LEGION_NOSE_ART_08",0
"legion_nose_art_09","legion","rui/titan_loadout/nose_art/legion_nose_art_09","#LEGION_NOSE_ART_09",0
"legion_nose_art_10","legion","rui/titan_loadout/nose_art/legion_nose_art_10","#LEGION_NOSE_ART_10",0
"legion_nose_art_11","legion","rui/titan_loadout/nose_art/legion_nose_art_11","#LEGION_NOSE_ART_11",0
"legion_nose_art_12","legion","rui/titan_loadout/nose_art/legion_nose_art_12","#LEGION_NOSE_ART_12",300
"legion_nose_art_13","legion","rui/titan_loadout/nose_art/legion_nose_art_13","#LEGION_NOSE_ART_13",0
"legion_nose_art_14","legion","rui/titan_loadout/nose_art/legion_nose_art_14","#LEGION_NOSE_ART_14",300
"ion_nose_art_17","ion","rui/titan_loadout/nose_art/ion_nose_art_17","#ION_NOSE_ART_17",0
"ion_nose_art_18","ion","rui/titan_loadout/nose_art/ion_nose_art_18","#ION_NOSE_ART_18",0
"ion_nose_art_19","ion","rui/titan_loadout/nose_art/ion_nose_art_19","#ION_NOSE_ART_19",0
"ion_nose_art_20","ion","rui/titan_loadout/nose_art/ion_nose_art_20","#ION_NOSE_ART_20",0
"ion_nose_art_21","ion","rui/titan_loadout/nose_art/ion_nose_art_21","#ION_NOSE_ART_21",0
"scorch_nose_art_15","scorch","rui/titan_loadout/nose_art/scorch_nose_art_15","#SCORCH_NOSE_ART_15",0
"scorch_nose_art_16","scorch","rui/titan_loadout/nose_art/scorch_nose_art_16","#SCORCH_NOSE_ART_16",0
"scorch_nose_art_17","scorch","rui/titan_loadout/nose_art/scorch_nose_art_17","#SCORCH_NOSE_ART_17",0
"scorch_nose_art_18","scorch","rui/titan_loadout/nose_art/scorch_nose_art_18","#SCORCH_NOSE_ART_18",0
"scorch_nose_art_19","scorch","rui/titan_loadout/nose_art/scorch_nose_art_19","#SCORCH_NOSE_ART_19",0
"ronin_nose_art_16","ronin","rui/titan_loadout/nose_art/ronin_nose_art_16","#RONIN_NOSE_ART_16",0
"ronin_nose_art_17","ronin","rui/titan_loadout/nose_art/ronin_nose_art_17","#RONIN_NOSE_ART_17",0
"ronin_nose_art_18","ronin","rui/titan_loadout/nose_art/ronin_nose_art_18","#RONIN_NOSE_ART_18",0
"ronin_nose_art_19","ronin","rui/titan_loadout/nose_art/ronin_nose_art_19","#RONIN_NOSE_ART_19",0
"ronin_nose_art_20","ronin","rui/titan_loadout/nose_art/ronin_nose_art_20","#RONIN_NOSE_ART_20",0
"tone_nose_art_17","tone","rui/titan_loadout/nose_art/tone_nose_art_17","#TONE_NOSE_ART_17",0
"tone_nose_art_18","tone","rui/titan_loadout/nose_art/tone_nose_art_18","#TONE_NOSE_ART_18",0
"tone_nose_art_19","tone","rui/titan_loadout/nose_art/tone_nose_art_19","#TONE_NOSE_ART_19",0
"tone_nose_art_20","tone","rui/titan_loadout/nose_art/tone_nose_art_20","#TONE_NOSE_ART_20",0
"tone_nose_art_21","tone","rui/titan_loadout/nose_art/tone_nose_art_21","#TONE_NOSE_ART_21",0
"northstar_nose_art_18","northstar","rui/titan_loadout/nose_art/northstar_nose_art_18","#NORTHSTAR_NOSE_ART_18",0
"northstar_nose_art_19","northstar","rui/titan_loadout/nose_art/northstar_nose_art_19","#NORTHSTAR_NOSE_ART_19",0
"northstar_nose_art_20","northstar","rui/titan_loadout/nose_art/northstar_nose_art_20","#NORTHSTAR_NOSE_ART_20",0
"northstar_nose_art_21","northstar","rui/titan_loadout/nose_art/northstar_nose_art_21","#NORTHSTAR_NOSE_ART_21",0
"northstar_nose_art_22","northstar","rui/titan_loadout/nose_art/northstar_nose_art_22","#NORTHSTAR_NOSE_ART_22",0
"legion_nose_art_17","legion","rui/titan_loadout/nose_art/legion_nose_art_17","#LEGION_NOSE_ART_17",0
"legion_nose_art_18","legion","rui/titan_loadout/nose_art/legion_nose_art_18","#LEGION_NOSE_ART_18",0
"legion_nose_art_19","legion","rui/titan_loadout/nose_art/legion_nose_art_19","#LEGION_NOSE_ART_19",0
"legion_nose_art_20","legion","rui/titan_loadout/nose_art/legion_nose_art_20","#LEGION_NOSE_ART_20",0
"legion_nose_art_21","legion","rui/titan_loadout/nose_art/legion_nose_art_21","#LEGION_NOSE_ART_21",0
"ion_nose_art_22","ion","rui/titan_loadout/nose_art/ion_nose_art_22","#ION_NOSE_ART_22",0
"ion_nose_art_23","ion","rui/titan_loadout/nose_art/ion_nose_art_23","#ION_NOSE_ART_23",0
"ion_nose_art_24","ion","rui/titan_loadout/nose_art/ion_nose_art_24","#ION_NOSE_ART_24",0
"ion_nose_art_25","ion","rui/titan_loadout/nose_art/ion_nose_art_25","#ION_NOSE_ART_25",0
"ion_nose_art_26","ion","rui/titan_loadout/nose_art/ion_nose_art_26","#ION_NOSE_ART_26",0
"scorch_nose_art_20","scorch","rui/titan_loadout/nose_art/scorch_nose_art_20","#SCORCH_NOSE_ART_20",0
"scorch_nose_art_21","scorch","rui/titan_loadout/nose_art/scorch_nose_art_21","#SCORCH_NOSE_ART_21",0
"scorch_nose_art_22","scorch","rui/titan_loadout/nose_art/scorch_nose_art_22","#SCORCH_NOSE_ART_22",0
"scorch_nose_art_23","scorch","rui/titan_loadout/nose_art/scorch_nose_art_23","#SCORCH_NOSE_ART_23",0
"scorch_nose_art_24","scorch","rui/titan_loadout/nose_art/scorch_nose_art_24","#SCORCH_NOSE_ART_24",0
"ronin_nose_art_21","ronin","rui/titan_loadout/nose_art/ronin_nose_art_21","#RONIN_NOSE_ART_21",0
"ronin_nose_art_22","ronin","rui/titan_loadout/nose_art/ronin_nose_art_22","#RONIN_NOSE_ART_22",0
"ronin_nose_art_23","ronin","rui/titan_loadout/nose_art/ronin_nose_art_23","#RONIN_NOSE_ART_23",0
"ronin_nose_art_24","ronin","rui/titan_loadout/nose_art/ronin_nose_art_24","#RONIN_NOSE_ART_24",0
"ronin_nose_art_25","ronin","rui/titan_loadout/nose_art/ronin_nose_art_25","#RONIN_NOSE_ART_25",0
"tone_nose_art_22","tone","rui/titan_loadout/nose_art/tone_nose_art_22","#TONE_NOSE_ART_22",0
"tone_nose_art_23","tone","rui/titan_loadout/nose_art/tone_nose_art_23","#TONE_NOSE_ART_23",0
"tone_nose_art_24","tone","rui/titan_loadout/nose_art/tone_nose_art_24","#TONE_NOSE_ART_24",0
"tone_nose_art_25","tone","rui/titan_loadout/nose_art/tone_nose_art_25","#TONE_NOSE_ART_25",0
"tone_nose_art_26","tone","rui/titan_loadout/nose_art/tone_nose_art_26","#TONE_NOSE_ART_26",0
"northstar_nose_art_23","northstar","rui/titan_loadout/nose_art/northstar_nose_art_23","#NORTHSTAR_NOSE_ART_23",0
"northstar_nose_art_24","northstar","rui/titan_loadout/nose_art/northstar_nose_art_24","#NORTHSTAR_NOSE_ART_24",0
"northstar_nose_art_25","northstar","rui/titan_loadout/nose_art/northstar_nose_art_25","#NORTHSTAR_NOSE_ART_25",0
"northstar_nose_art_26","northstar","rui/titan_loadout/nose_art/northstar_nose_art_26","#NORTHSTAR_NOSE_ART_26",0
"northstar_nose_art_27","northstar","rui/titan_loadout/nose_art/northstar_nose_art_27","#NORTHSTAR_NOSE_ART_27",0
"legion_nose_art_22","legion","rui/titan_loadout/nose_art/legion_nose_art_22","#LEGION_NOSE_ART_22",0
"legion_nose_art_23","legion","rui/titan_loadout/nose_art/legion_nose_art_23","#LEGION_NOSE_ART_23",0
"legion_nose_art_24","legion","rui/titan_loadout/nose_art/legion_nose_art_24","#LEGION_NOSE_ART_24",0
"legion_nose_art_25","legion","rui/titan_loadout/nose_art/legion_nose_art_25","#LEGION_NOSE_ART_25",0
"legion_nose_art_26","legion","rui/titan_loadout/nose_art/legion_nose_art_26","#LEGION_NOSE_ART_26",0
"vanguard_nose_art_none","vanguard","rui/menu/common/no_art","#FACTORY_ISSUE_NAME",0
"vanguard_nose_art_01","vanguard","rui/titan_loadout/nose_art/monarch_nose_art_02","#VANGUARD_NOSE_ART_01",0
"vanguard_nose_art_02","vanguard","rui/titan_loadout/nose_art/monarch_nose_art_03","#VANGUARD_NOSE_ART_02",0
"vanguard_nose_art_03","vanguard","rui/titan_loadout/nose_art/monarch_nose_art_04","#VANGUARD_NOSE_ART_03",0
"vanguard_nose_art_04","vanguard","rui/titan_loadout/nose_art/monarch_nose_art_05","#VANGUARD_NOSE_ART_04",0
"vanguard_nose_art_05","vanguard","rui/titan_loadout/nose_art/monarch_nose_art_06","#VANGUARD_NOSE_ART_05",0
"vanguard_nose_art_06","vanguard","rui/titan_loadout/nose_art/monarch_nose_art_07","#VANGUARD_NOSE_ART_06",0
"vanguard_nose_art_07","vanguard","rui/titan_loadout/nose_art/monarch_nose_art_08","#VANGUARD_NOSE_ART_07",0
"vanguard_nose_art_08","vanguard","rui/titan_loadout/nose_art/monarch_nose_art_09","#VANGUARD_NOSE_ART_08",0
"vanguard_nose_art_09","vanguard","rui/titan_loadout/nose_art/monarch_nose_art_10","#VANGUARD_NOSE_ART_09",0
"ion_nose_art_27","ion","rui/titan_loadout/nose_art/ion_nose_art_27","#ION_NOSE_ART_27",0
"ion_nose_art_28","ion","rui/titan_loadout/nose_art/ion_nose_art_28","#ION_NOSE_ART_28",0
"ion_nose_art_29","ion","rui/titan_loadout/nose_art/ion_nose_art_29","#ION_NOSE_ART_29",0
"ion_nose_art_30","ion","rui/titan_loadout/nose_art/ion_nose_art_30","#ION_NOSE_ART_30",0
"ion_nose_art_31","ion","rui/titan_loadout/nose_art/ion_nose_art_31","#ION_NOSE_ART_31",0
"scorch_nose_art_25","scorch","rui/titan_loadout/nose_art/scorch_nose_art_25","#SCORCH_NOSE_ART_25",0
"scorch_nose_art_26","scorch","rui/titan_loadout/nose_art/scorch_nose_art_26","#SCORCH_NOSE_ART_26",0
"scorch_nose_art_27","scorch","rui/titan_loadout/nose_art/scorch_nose_art_27","#SCORCH_NOSE_ART_27",0
"scorch_nose_art_28","scorch","rui/titan_loadout/nose_art/scorch_nose_art_28","#SCORCH_NOSE_ART_28",0
"scorch_nose_art_29","scorch","rui/titan_loadout/nose_art/scorch_nose_art_29","#SCORCH_NOSE_ART_29",0
"ronin_nose_art_26","ronin","rui/titan_loadout/nose_art/ronin_nose_art_26","#RONIN_NOSE_ART_26",0
"ronin_nose_art_27","ronin","rui/titan_loadout/nose_art/ronin_nose_art_27","#RONIN_NOSE_ART_27",0
"ronin_nose_art_28","ronin","rui/titan_loadout/nose_art/ronin_nose_art_28","#RONIN_NOSE_ART_28",0
"ronin_nose_art_29","ronin","rui/titan_loadout/nose_art/ronin_nose_art_29","#RONIN_NOSE_ART_29",0
"ronin_nose_art_30","ronin","rui/titan_loadout/nose_art/ronin_nose_art_30","#RONIN_NOSE_ART_30",0
"tone_nose_art_27","tone","rui/titan_loadout/nose_art/tone_nose_art_27","#TONE_NOSE_ART_27",0
"tone_nose_art_28","tone","rui/titan_loadout/nose_art/tone_nose_art_28","#TONE_NOSE_ART_28",0
"tone_nose_art_29","tone","rui/titan_loadout/nose_art/tone_nose_art_29","#TONE_NOSE_ART_29",0
"tone_nose_art_30","tone","rui/titan_loadout/nose_art/tone_nose_art_30","#TONE_NOSE_ART_30",0
"tone_nose_art_31","tone","rui/titan_loadout/nose_art/tone_nose_art_31","#TONE_NOSE_ART_31",0
"northstar_nose_art_28","northstar","rui/titan_loadout/nose_art/northstar_nose_art_28","#NORTHSTAR_NOSE_ART_28",0
"northstar_nose_art_29","northstar","rui/titan_loadout/nose_art/northstar_nose_art_29","#NORTHSTAR_NOSE_ART_29",0
"northstar_nose_art_30","northstar","rui/titan_loadout/nose_art/northstar_nose_art_30","#NORTHSTAR_NOSE_ART_30",0
"northstar_nose_art_31","northstar","rui/titan_loadout/nose_art/northstar_nose_art_31","#NORTHSTAR_NOSE_ART_31",0
"northstar_nose_art_32","northstar","rui/titan_loadout/nose_art/northstar_nose_art_32","#NORTHSTAR_NOSE_ART_32",0
"legion_nose_art_27","legion","rui/titan_loadout/nose_art/legion_nose_art_27","#LEGION_NOSE_ART_27",0
"legion_nose_art_28","legion","rui/titan_loadout/nose_art/legion_nose_art_28","#LEGION_NOSE_ART_28",0
"legion_nose_art_29","legion","rui/titan_loadout/nose_art/legion_nose_art_29","#LEGION_NOSE_ART_29",0
"legion_nose_art_30","legion","rui/titan_loadout/nose_art/legion_nose_art_30","#LEGION_NOSE_ART_30",0
"legion_nose_art_31","legion","rui/titan_loadout/nose_art/legion_nose_art_31","#LEGION_NOSE_ART_31",0