titanLevel,ion,scorch,northstar,ronin,tone,legion,vanguard,end
"","ion","scorch","northstar","ronin","tone","legion","vanguard","END"
"1","","","","","","","",""
"2","fd_upgrade_ion_weapon_tier_2","fd_upgrade_scorch_weapon_tier_1","fd_upgrade_northstar_utility_tier_1","fd_upgrade_ronin_weapon_tier_1","fd_upgrade_tone_weapon_tier_1","fd_upgrade_legion_weapon_tier_1","fd_upgrade_vanguard_utility_tier_1",""
"3","random","random","random","random","random","random","random",""
"4","random","random","random","random","random","random","random",""
"5","fd_upgrade_ion_defense_tier_1","fd_upgrade_scorch_defense_tier_1","fd_upgrade_northstar_defense_tier_1","fd_upgrade_ronin_defense_tier_1","fd_upgrade_tone_defense_tier_1","fd_upgrade_legion_defense_tier_1","fd_upgrade_vanguard_defense_tier_1",""
"6","random","random","random","random","random","random","random",""
"7","random","random","random","random","random","random","random",""
"8","fd_upgrade_ion_utility_tier_2","fd_upgrade_scorch_utility_tier_1","fd_upgrade_northstar_weapon_tier_1","fd_upgrade_ronin_utility_tier_1","fd_upgrade_tone_utility_tier_2","fd_upgrade_legion_utility_tier_1","fd_upgrade_vanguard_weapon_tier_1",""
"9","random","random","random","random","random","random","random",""
"10","random","random","random","random","random","random","random",""
"11","fd_upgrade_ion_weapon_tier_1","fd_upgrade_scorch_utility_tier_2","fd_upgrade_northstar_utility_tier_2","fd_upgrade_ronin_weapon_tier_2","fd_upgrade_tone_weapon_tier_2","fd_upgrade_legion_weapon_tier_2","fd_upgrade_vanguard_utility_tier_2",""
"12","random","random","random","random","random","random","random",""
"13","random","random","random","random","random","random","random",""
"14","fd_upgrade_ion_defense_tier_2","fd_upgrade_scorch_defense_tier_2","fd_upgrade_northstar_defense_tier_2","fd_upgrade_ronin_defense_tier_2","fd_upgrade_tone_defense_tier_2","fd_upgrade_legion_defense_tier_2","fd_upgrade_vanguard_defense_tier_2",""
"15","random","random","random","random","random","random","random",""
"16","random","random","random","random","random","random","random",""
"17","fd_upgrade_ion_utility_tier_1","fd_upgrade_scorch_weapon_tier_2","fd_upgrade_northstar_weapon_tier_2","fd_upgrade_ronin_utility_tier_2","fd_upgrade_tone_utility_tier_1","fd_upgrade_legion_utility_tier_2","fd_upgrade_vanguard_weapon_tier_2",""
"18","random","random","random","random","random","random","random",""
"19","random","random","random","random","random","random","random",""
"20","fd_upgrade_ion_ultimate","fd_upgrade_scorch_ultimate","fd_upgrade_northstar_ultimate","fd_upgrade_ronin_ultimate","fd_upgrade_tone_ultimate","fd_upgrade_legion_ultimate","fd_upgrade_vanguard_ultimate",""
"21","random","random","random","random","random","random","random",""
"22","random","random","random","random","random","random","random",""
"23","random","random","random","random","random","random","random",""
"24","callsign_24_col_prism","callsign_47_col_prism","callsign_36_col_prism","callsign_45_col_prism","callsign_68_col_prism","callsign_26_col_prism","callsign_165_col_prism",""